{
    "accuracy": 0.8557,
    "precision": 0.18303145853193517,
    "recall": 0.2467866323907455,
    "f1": 0.21018062397372742,
    "roc_auc": 0.5769283411357328
}